,feat,ZLAAO90NB
0,AAAA,0.0104432644978734
1,AAAT,0.0068314600378876
2,AAAG,0.0062527926893255
3,AAAC,0.0041165457275503
4,AATA,0.0033045975740212
5,AATT,0.0030442857484142
6,AATG,0.0030667599848874
7,AATC,0.0018330217318788
8,AAGA,0.0035469034660758
9,AAGT,0.0016476535215978
10,AAGG,0.0022502108065684
11,AAGC,0.0015547482133424
12,AACA,0.0043918551243471
13,AACT,0.0025813961101874
14,AACG,0.000360074430424
15,AACC,0.0020666122212066
16,ATAA,0.0044227350791862
17,ATAT,0.0039285230798906
18,ATAG,0.0023449742209889
19,ATAC,0.0018808016046958
20,ATTA,0.0025642307484717
21,ATTT,0.0048372254758742
22,ATTG,0.0016082351265237
23,ATTC,0.001978307937741
24,ATGA,0.0021151884252373
25,ATGT,0.0019320764867282
26,ATGG,0.0013775645183125
27,ATGC,0.0011199071300842
28,ATCA,0.0020963861604713
29,ATCT,0.002184425000199
30,ATCG,0.0001674065173516
31,ATCC,0.0013374382732707
32,AGAA,0.0068440686154366
33,AGAT,0.0039628980439451
34,AGAG,0.0055575070585914
35,AGAC,0.0028118455152838
36,AGTA,0.0030061060907835
37,AGTT,0.0033791430237404
38,AGTG,0.0038155767694258
39,AGTC,0.002355193804897
40,AGGA,0.0033811780923974
41,AGGT,0.001665969139511
42,AGGG,0.0024008943684341
43,AGGC,0.0020003397679844
44,AGCA,0.0037552325596828
45,AGCT,0.0029292158880464
46,AGCG,0.0004220555432173
47,AGCC,0.0025574176925329
48,ACAA,0.0052920190800958
49,ACAT,0.0052107932963068
50,ACAG,0.0045644377945872
51,ACAC,0.0032582776417624
52,ACTA,0.0030875973183104
53,ACTT,0.004198390880061
54,ACTG,0.0039700207842446
55,ACTC,0.0028314441112634
56,ACGA,0.000210187199772
57,ACGT,0.0002405805077584
58,ACGG,0.0001501969150128
59,ACGC,0.0001405524592035
60,ACCA,0.005152218711483
61,ACCT,0.0044418027876901
62,ACCG,0.0005322146944344
63,ACCC,0.0029787211451596
64,TAAA,0.0097639054914115
65,TAAT,0.0071612738821943
66,TAAG,0.0041745009436524
67,TAAC,0.003463111726154
68,TATA,0.0067936785458638
69,TATT,0.0085992268508728
70,TATG,0.0045100660689463
71,TATC,0.0040347890562855
72,TAGA,0.003321541732622
73,TAGT,0.0017913913056558
74,TAGG,0.0021830093002637
75,TAGC,0.0015547482133424
76,TACA,0.0056278054085046
77,TACT,0.0039188343834582
78,TACG,0.0003118521513772
79,TACC,0.0026398379731424
80,TTAA,0.0030682641660686
81,TTAT,0.0032789822533165
82,TTAG,0.0011793665273676
83,TTAC,0.001284791931926
84,TTTA,0.0040944696566839
85,TTTT,0.0060188925156368
86,TTTG,0.0019424287925052
87,TTTC,0.0027184978007986
88,TTGA,0.0017414878829357
89,TTGT,0.001572179018796
90,TTGG,0.0007869079609231
91,TTGC,0.0007372257413179
92,TTCA,0.0020479426783096
93,TTCT,0.0020041444615606
94,TTCG,0.0001056908482962
95,TTCC,0.0011909133299651
96,TGAA,0.0092346106780937
97,TGAT,0.0068167279104357
98,TGAG,0.0072916952387356
99,TGAC,0.0038023045825322
100,TGTA,0.0063463616069256
101,TGTT,0.0082173417933202
102,TGTG,0.0064884624879333
103,TGTC,0.0048045758961159
104,TGGA,0.0044076047861275
105,TGGT,0.0024981794983644
106,TGGG,0.0040665095829613
107,TGGC,0.0025168932818844
108,TGCA,0.0055974563411412
109,TGCT,0.0049843697879016
110,TGCG,0.0003573757524223
111,TGCC,0.0035553091844418
112,TCAA,0.0036648489669372
113,TCAT,0.0044896711417531
114,TCAG,0.0026932364050777
115,TCAC,0.0029936744757265
116,TCTA,0.0039344070827467
117,TCTT,0.0058448941454614
118,TCTG,0.0038528273739739
119,TCTC,0.0048057261523133
120,TCGA,0.000129005656606
121,TCGT,0.0001163970790571
122,TCGG,7.1404365487713e-05
123,TCGC,7.60496309004825e-05
124,TCCA,0.0042446223310738
125,TCCT,0.0043037278033734
126,TCCG,0.0002239017928954
127,TCCC,0.0030399059267393
128,GAAA,0.0061672313244846
129,GAAT,0.0042279436162108
130,GAAG,0.0040784987917885
131,GAAC,0.0024140780740818
132,GATA,0.0021230632561275
133,GATT,0.0026390858825517
134,GATG,0.0023542205111915
135,GATC,0.0015898310273645
136,GAGA,0.0024732277870044
137,GAGT,0.0011376918605217
138,GAGG,0.0018805804015809
139,GAGC,0.0010588550703735
140,GACA,0.0032469078016569
141,GACT,0.0022401239445293
142,GACG,0.0003114982263934
143,GACC,0.0017113600186872
144,GTAA,0.0023189607346774
145,GTAT,0.0024743338025788
146,GTAG,0.0014986953440283
147,GTAC,0.0010790730350748
148,GTTA,0.0024106715461124
149,GTTT,0.004773165053801
150,GTTG,0.0017316222240115
151,GTTC,0.0018397463065715
152,GTGA,0.0018016551301868
153,GTGT,0.0015166570369577
154,GTGG,0.0011295515858936
155,GTGC,0.0008411027240721
156,GTCA,0.0017435671922157
157,GTCT,0.0022151279925463
158,GTCG,0.000118697591452
159,GTCC,0.0010017846667309
160,GGAA,0.0068559693430179
161,GGAT,0.004142116807632
162,GGAG,0.0062716391947144
163,GGAC,0.0026015255936428
164,GGTA,0.0034224545936366
165,GGTT,0.0041510091728507
166,GGTG,0.0047040612007082
167,GGTC,0.0027753470013263
168,GGGA,0.0039230814832642
169,GGGT,0.001728525380403
170,GGGG,0.0024058493182077
171,GGGC,0.0018297479257783
172,GGCA,0.0049597720015254
173,GGCT,0.0047546282327729
174,GGCG,0.000793278610632
175,GGCC,0.0029023618298983
176,GCAA,0.003417366921994
177,GCAT,0.003471561685143
178,GCAG,0.0033996706728025
179,GCAC,0.0022147298269395
180,GCTA,0.0030875973183104
181,GCTT,0.0038387588558667
182,GCTG,0.0040642533111894
183,GCTC,0.0024092116055541
184,GCGA,0.0001558154741311
185,GCGT,0.0001552845866554
186,GCGG,0.0001216617131915
187,GCGC,0.0001233870974877
188,GCCA,0.0057698620488894
189,GCCT,0.0054626109223019
190,GCCG,0.0006282168462983
191,GCCC,0.0028785161341127
192,CAAA,0.0155894222440083
193,CAAT,0.008630106805712
194,CAAG,0.0099595817668466
195,CAAC,0.0053423649090457
196,CATA,0.0072790866611867
197,CATT,0.0100165194486203
198,CATG,0.0078666906155905
199,CATC,0.0055567107273777
200,CAGA,0.0079572069302051
201,CAGT,0.0046240299137396
202,CAGG,0.0069594481601652
203,CAGC,0.0043109832655419
204,CACA,0.0102707260682562
205,CACT,0.0068905212695643
206,CACG,0.0012055569761711
207,CACC,0.0051793824539919
208,CTAA,0.0086059956661885
209,CTAT,0.0067655415096493
210,CTAG,0.0052378685575698
211,CTAC,0.0041008845470158
212,CTTA,0.0078377130075394
213,CTTT,0.0136601329165277
214,CTTG,0.0065388525575061
215,CTTC,0.0065946399830823
216,CTGA,0.0086606328355673
217,CTGT,0.0065935339675079
218,CTGG,0.005997612775984
219,CTGC,0.0046266401104953
220,CTCA,0.0077383485683292
221,CTCT,0.0068897249383506
222,CTCG,0.0007865540359393
223,CTCC,0.0045142246875063
224,CGAA,0.0014239286911942
225,CGAT,0.0011814015960247
226,CGAG,0.0017461773889715
227,CGAC,0.0006257836120345
228,CGTA,0.0011840560334034
229,CGTT,0.0016142518512488
230,CGTG,0.0021267794684577
231,CGTC,0.0011066349431906
232,CGGA,0.0007426230973214
233,CGGT,0.0005399568034557
234,CGGG,0.0010335936746526
235,CGGC,0.0007877042921367
236,CGCA,0.00096820603389
237,CGCT,0.0010323991778322
238,CGCG,0.0002035953469482
239,CGCC,0.0012758995667073
240,CCAA,0.0171291286455379
241,CCAT,0.0155123993194023
242,CCAG,0.0175372926331399
243,CCAC,0.0115470238005703
244,CCTA,0.0108277155115587
245,CCTT,0.0149037368284605
246,CCTG,0.0172140264010342
247,CCTC,0.0122812411795258
248,CCGA,0.0008335375775427
249,CCGT,0.0007115661799903
250,CCGG,0.0006228637309179
251,CCGC,0.0005864979388293
252,CCCA,0.024299206411705
253,CCCT,0.0157405924527267
254,CCCG,0.0028357796923153
255,CCCC,0.0100851366548603
